archetype,adida,autoces,catboost_cluster,chronos,croston_sba,dlinear,dynamic_theta,holt_winters,imapa,lgbm_cluster,mstl,nbeats,nhits,nlinear,patchtst,ridge,rolling_mean,seasonal_naive,simple_es,tcn,tft,theta,tide,tsb,xgboost_cluster
erratic_high,43.403361714674645,42.4452180109767,48.77420085263808,35.18495629240532,34.887342025549785,35.441146433353225,43.27172943601576,40.32960367827523,43.23365865654364,46.14072379848025,42.214408080197174,47.9742667711365,49.271737177222164,37.597246604694625,35.588898655360225,41.955618600162445,37.91689553253197,40.56354049523847,39.390547152878696,41.85212101974981,45.53644986686566,0.0,34.53230342530719,38.56066415095207,47.64867869837208
erratic_low,33.0871512978549,18.250330253747194,24.92838990204538,34.14045018020869,24.68588662230134,15.33237001385524,30.518756748328016,19.04462304344996,33.959721649242596,26.61344597971926,24.017646034853982,39.335256794960216,39.848476829950656,21.66042568835232,14.673907380225387,0.0,30.326312824115803,13.219568363881635,28.237423497977943,33.22035617946332,40.3793893681479,29.992806717513233,25.632977713316805,27.981742634052125,24.088402031338035
insufficient,6.135978258777442,0.021370505938875795,11.857387979059325,28.525154917522073,0.0,,4.216769063435407,0.0,15.433137381385393,12.681107044813402,18.46101827421863,,,0.0,,18.192614251110726,0.0,0.0,0.0,,,0.0,,8.78823524884831,6.049643589357288
smooth_high,72.41691930868475,79.95843425743229,76.17553300339917,73.12004399186951,71.99013284659193,76.51465933674615,75.07953768940767,80.06248183842575,72.56328029180261,74.56748007366174,80.37779815696001,73.19595290560969,73.15614249075553,72.52308070258721,67.9963700153422,62.684386166195196,71.11817230313545,76.28076513350648,73.10989411851502,71.44823599311329,72.26865433135688,75.99281718532998,68.61082068481899,72.30580417761993,73.90571000527086
smooth_low,68.4841963947278,68.21421494558352,68.63821946344879,69.37916652256925,67.24041160182092,67.69157849774817,70.37842791958747,71.01470527541201,69.01216393920882,65.82553078156062,71.56387175147232,71.25357723690786,71.29057866848845,68.47581350385784,64.76324315459044,0.0,67.81069740395932,65.61488446157497,70.04223771824364,67.35945282487805,70.71526705721858,70.88188673539763,65.89851078123039,66.68741270516234,65.1530808576162
