archetype,adida,autoces,catboost_cluster,chronos,croston_sba,dlinear,dynamic_theta,holt_winters,imapa,itransformer,lgbm_cluster,mstl,nbeats,nhits,nlinear,patchtst,ridge,rolling_mean,seasonal_naive,simple_es,tcn,tft,theta,tide,tsb,xgboost_cluster
erratic_high,34.40740990492699,30.846643022018156,36.63115320310989,32.42423330014549,26.91424763352059,24.958696079483673,36.707533212503165,30.21698085274997,35.05283948596335,0.0,33.24258801048778,34.98307803077401,45.52733873465542,43.39590087494173,20.699981034598338,11.075084898838028,30.649962721714047,24.6454204350308,21.93320792011687,34.05373269243546,39.75387893934852,41.39380594292522,0.0,37.2869848139684,30.8808074137022,28.494340600638253
erratic_low,23.980982365050224,9.94307921446675,17.396400682910155,32.948696473775826,11.167104061848079,5.135781053373904,20.262197084634337,0.0,24.811469977914882,0.0,15.983716174022916,12.853863744436751,34.78526687547104,31.159406838535716,1.0224787929134322,0.0,0.0,15.931980059378134,0.7222732892483066,21.123951598567785,30.41940216133858,31.687806087100995,16.578819519122135,26.184976850646535,16.862130093084176,10.692335705128471
insufficient,4.172306342712929,4.211299593469803,2.8349037605165535,24.437322572059983,0.0,,4.8998568386678585,0.0,10.067902208492853,,2.64263932462201,12.999437684078131,,,0.0,,10.063319836947215,0.0,0.0,5.071063437929155,,,5.109861070629208,,4.179079995686251,2.368495188314
smooth_high,71.7162978417285,76.67247059428328,73.12795879064635,75.91893577176896,72.53895121830053,75.663272806169,72.64485635874021,77.52648652788716,71.92095913982756,0.0,71.70949995659258,77.66891047347393,76.46906393562604,75.86335578209352,71.9718216941381,59.38912374666327,65.3707779924828,70.93871221829431,75.1286764488827,72.02688945408102,74.29444246176921,73.55041556427207,73.64175118863129,73.76692609158809,70.54913497426223,70.75126950594017
smooth_low,66.9994254720121,64.7289330389534,64.43429470870325,71.1472650389602,66.63721363880356,65.10526685356953,67.97826719117292,66.76428197827363,67.65872662759175,0.0,62.70705825105922,67.94888362533396,72.87778969562595,72.5051576019827,64.81320384067945,53.74500301214228,0.0,66.8139216593436,63.28654939543378,67.84557924730287,69.28348110664733,70.2168990539498,68.64858479149143,69.96169447835143,64.14565546999994,61.66078481701713
