{
  "portfolio": {
    "algorithm_id": "portfolio",
    "wape": 26.27233655444915,
    "accuracy_pct": 73.72766344555085,
    "bias": -0.0020513518937668174,
    "n_dfu_months": 29159,
    "n_dfus": 11355,
    "per_segment": {
      "erratic_high": {
        "wape": 60.599470004689216,
        "accuracy_pct": 39.400529995310784,
        "n_dfus": 143
      },
      "erratic_low": {
        "wape": 66.96097353132708,
        "accuracy_pct": 33.039026468672915,
        "n_dfus": 4017
      },
      "insufficient": {
        "wape": 80.30070465468893,
        "accuracy_pct": 19.69929534531107,
        "n_dfus": 1406
      },
      "smooth_high": {
        "wape": 19.87913405895279,
        "accuracy_pct": 80.12086594104721,
        "n_dfus": 914
      },
      "smooth_low": {
        "wape": 28.603651396036984,
        "accuracy_pct": 71.39634860396302,
        "n_dfus": 4875
      }
    }
  },
  "baselines": {
    "seasonal_naive": {
      "algorithm_id": "seasonal_naive",
      "wape": 31.44262042571532,
      "accuracy_pct": 68.55737957428468,
      "bias": 0.05936697076333086,
      "n_dfu_months": 58469,
      "n_dfus": 11427,
      "per_segment": {
        "erratic_high": {
          "wape": 60.61621077447188,
          "accuracy_pct": 39.38378922552812,
          "n_dfus": 143
        },
        "erratic_low": {
          "wape": 88.12512510599436,
          "accuracy_pct": 11.874874894005643,
          "n_dfus": 4089
        },
        "insufficient": {
          "wape": 117.2655626464585,
          "accuracy_pct": -17.265562646458505,
          "n_dfus": 1406
        },
        "smooth_high": {
          "wape": 24.246081110532835,
          "accuracy_pct": 75.75391888946717,
          "n_dfus": 914
        },
        "smooth_low": {
          "wape": 34.69958140271886,
          "accuracy_pct": 65.30041859728114,
          "n_dfus": 4875
        }
      }
    },
    "external_forecast": {
      "algorithm_id": "external_forecast",
      "wape": 25.058962925876905,
      "accuracy_pct": 74.9410370741231,
      "bias": -0.0422791355601998,
      "n_dfu_months": 29109,
      "n_dfus": 11628,
      "per_segment": {
        "erratic_high": {
          "wape": 47.3267458709251,
          "accuracy_pct": 52.6732541290749,
          "n_dfus": 139
        },
        "erratic_low": {
          "wape": 67.13312320357517,
          "accuracy_pct": 32.86687679642483,
          "n_dfus": 4017
        },
        "insufficient": {
          "wape": 105.71299920438015,
          "accuracy_pct": -5.712999204380154,
          "n_dfus": 1776
        },
        "smooth_high": {
          "wape": 19.11426902754408,
          "accuracy_pct": 80.88573097245592,
          "n_dfus": 909
        },
        "smooth_low": {
          "wape": 26.76012804900151,
          "accuracy_pct": 73.23987195099849,
          "n_dfus": 4787
        }
      }
    },
    "current_champion": {
      "algorithm_id": "current_champion",
      "wape": 22.05732548294112,
      "accuracy_pct": 77.94267451705888,
      "bias": -0.049585671609354676,
      "n_dfu_months": 30265,
      "n_dfus": 11899,
      "per_segment": {
        "erratic_high": {
          "wape": 42.37639217598838,
          "accuracy_pct": 57.62360782401162,
          "n_dfus": 143
        },
        "erratic_low": {
          "wape": 62.133429713172426,
          "accuracy_pct": 37.866570286827574,
          "n_dfus": 4089
        },
        "insufficient": {
          "wape": 77.59028620809333,
          "accuracy_pct": 22.40971379190667,
          "n_dfus": 1878
        },
        "smooth_high": {
          "wape": 16.395021216580723,
          "accuracy_pct": 83.60497878341928,
          "n_dfus": 914
        },
        "smooth_low": {
          "wape": 24.984433313629083,
          "accuracy_pct": 75.01556668637092,
          "n_dfus": 4875
        }
      }
    },
    "causal_champion": {
      "algorithm_id": "causal_champion",
      "wape": 28.055452541920996,
      "accuracy_pct": 71.944547458079,
      "bias": -0.05261648900581739,
      "n_dfu_months": 30265,
      "n_dfus": 11899,
      "per_segment": {
        "erratic_high": {
          "wape": 52.8092493057528,
          "accuracy_pct": 47.1907506942472,
          "n_dfus": 143
        },
        "erratic_low": {
          "wape": 70.90786345257729,
          "accuracy_pct": 29.09213654742271,
          "n_dfus": 4089
        },
        "insufficient": {
          "wape": 81.62758920739807,
          "accuracy_pct": 18.372410792601926,
          "n_dfus": 1878
        },
        "smooth_high": {
          "wape": 22.374404007907252,
          "accuracy_pct": 77.62559599209274,
          "n_dfus": 914
        },
        "smooth_low": {
          "wape": 28.441012875346466,
          "accuracy_pct": 71.55898712465353,
          "n_dfus": 4875
        }
      }
    },
    "golden_oracle": {
      "algorithm_id": "golden_oracle",
      "wape": 7.274166182820231,
      "accuracy_pct": 92.72583381717976,
      "bias": -0.02686764921704099,
      "n_dfu_months": 30265,
      "n_dfus": 11899,
      "per_segment": {
        "erratic_high": {
          "wape": 9.50308760786411,
          "accuracy_pct": 90.4969123921359,
          "n_dfus": 143
        },
        "erratic_low": {
          "wape": 21.559063498797073,
          "accuracy_pct": 78.44093650120293,
          "n_dfus": 4089
        },
        "insufficient": {
          "wape": 41.283442614073415,
          "accuracy_pct": 58.716557385926585,
          "n_dfus": 1878
        },
        "smooth_high": {
          "wape": 5.565128748665188,
          "accuracy_pct": 94.43487125133481,
          "n_dfus": 914
        },
        "smooth_low": {
          "wape": 7.14231496260034,
          "accuracy_pct": 92.85768503739966,
          "n_dfus": 4875
        }
      }
    },
    "hybrid": {
      "algorithm_id": "hybrid",
      "wape": 15.717986059701374,
      "accuracy_pct": 84.28201394029863,
      "bias": -0.023369529442243353,
      "n_dfu_months": 28961,
      "n_dfus": 10715,
      "per_segment": {
        "erratic_high": {
          "wape": 26.482988021898084,
          "accuracy_pct": 73.51701197810192,
          "n_dfus": 127
        },
        "erratic_low": {
          "wape": 39.87663768556165,
          "accuracy_pct": 60.12336231443835,
          "n_dfus": 3557
        },
        "insufficient": {
          "wape": 56.196862272556324,
          "accuracy_pct": 43.803137727443676,
          "n_dfus": 1498
        },
        "smooth_high": {
          "wape": 12.606713552750268,
          "accuracy_pct": 87.39328644724974,
          "n_dfus": 913
        },
        "smooth_low": {
          "wape": 16.667278254314542,
          "accuracy_pct": 83.33272174568546,
          "n_dfus": 4620
        }
      }
    }
  },
  "lift": {
    "vs_naive_bps": 517,
    "vs_external_bps": -121,
    "vs_champion_bps": -422,
    "vs_causal_champion_bps": 178,
    "vs_golden_oracle_bps": -1900,
    "hybrid_vs_portfolio_bps": 1055,
    "hybrid_vs_naive_bps": 1572
  },
  "per_segment": [
    {
      "archetype": "erratic_high",
      "portfolio_acc": 39.400529995310784,
      "naive_acc": 39.38378922552812,
      "external_acc": 52.6732541290749,
      "champion_acc": 57.62360782401162,
      "causal_champion_acc": 47.1907506942472,
      "golden_oracle_acc": 90.4969123921359,
      "lift_vs_naive": 0.0167407697826647,
      "lift_vs_external": -13.272724133764115,
      "lift_vs_champion": -18.223077828700838,
      "lift_vs_causal_champion": -7.790220698936416,
      "lift_vs_golden_oracle": -51.09638239682511,
      "n_dfus": 158
    },
    {
      "archetype": "erratic_low",
      "portfolio_acc": 33.039026468672915,
      "naive_acc": 11.874874894005643,
      "external_acc": 32.86687679642483,
      "champion_acc": 37.866570286827574,
      "causal_champion_acc": 29.09213654742271,
      "golden_oracle_acc": 78.44093650120293,
      "lift_vs_naive": 21.164151574667272,